published_at,type,scope,mo,geo,place,expected_sign,source_url,rule,EventCode,n_articles,check,comment
"2023-01-10,disaster,mo,городской округ Иваново,^городской\ округ\ Иваново$,""Ivanovo, Ivanovskaya Oblast', Russia"",positive,https://www.brecorder.com/news/40283030/fear-is-always-present-russian-city-evacuates-hundreds-of-children,url,190,7,,",,,,,,,,,,,,
"2024-01-11,disaster,mo,городской округ город Новосибирск,^городской\ округ\ город\ Новосибирск$,""Novosibirsk, Novosibirskaya Oblast', Russia"",positive,https://www.dailymail.co.uk/news/article-12950943/Frozen-Russian-city-floods-central-heating-pipe-BURSTS-torrent-water-street-authorities-criminal-investigation.html,url,190,10,,",,,,,,,,,,,,
"2024-04-04,disaster,mo,городской округ город Оренбург,^городской\ округ\ город\ Оренбург$,""Orenburg, Orenburgskaya Oblast', Russia"",positive,https://www.aa.com.tr/en/world/authorities-declare-state-of-emergency-in-russias-orenburg-region-over-flooding/3183388,url,1724,10,,",,,,,,,,,,,,
"2024-04-05,disaster,mo,городской округ город Орск,^городской\ округ\ город\ Орск$,""Orsk, Orenburgskaya Oblast', Russia"",positive,https://www.devdiscourse.com/article/science-environment/2879546-mayor-of-russias-orenburg-orders-evacuations-amid-critical-flooding,url,128,32,,",,,,,,,,,,,,
"2024-04-05,disaster,mo,городской округ город Орск,^городской\ округ\ город\ Орск$,""Orsk, Orenburgskaya Oblast', Russia"",positive,https://www.thestar.com.my/news/world/2024/04/06/dam-breach-in-russia039s-orsk-triggers-mass-evacuation,url,128,48,,",,,,,,,,,,,,
"2024-04-05,disaster,mo,городской округ город Оренбург,^городской\ округ\ город\ Оренбург$,""Orenburg, Orenburgskaya Oblast', Russia"",positive,""https://www.streetinsider.com/Reuters/Dam+bursts+amid+flooding+in+Russias+Urals,+evacuation+underway,+emergency+services+say/23034538.html"",url,010,138,,",,,,,,,,,,,,
"2024-04-05,disaster,mo,городской округ город Орск,^городской\ округ\ город\ Орск$,""Orsk, Orenburgskaya Oblast', Russia"",positive,https://www.bignewsnetwork.com/news/274235036/no-casualties-reported-in-russian-city-of-orsk-after-dam-breach,url,128,8,,",,,,,,,,,,,,
"2024-04-05,disaster,mo,городской округ город Оренбург,^городской\ округ\ город\ Оренбург$,""Orenburg, Orenburgskaya Oblast', Russia"",positive,https://www.plenglish.com/news/2024/04/05/emergencies-ministry-addresses-floods-in-36-russian-regions/,url,010,10,,",,,,,,,,,,,,
"2024-04-06,disaster,mo,городской округ город Орск,^городской\ округ\ город\ Орск$,""Orsk, Orenburgskaya Oblast', Russia"",positive,https://www.dw.com/en/russia-orenburg-officials-urge-evacuations-amid-flooding/a-68755361,url,020,4,,",,,,,,,,,,,,
"2024-04-06,disaster,mo,городской округ город Оренбург,^городской\ округ\ город\ Оренбург$,""Orenburg, Orenburgskaya Oblast', Russia"",positive,https://www.voanews.com/a/russia-evacuates-over-4-000-people-after-dam-burst-/7559666.html,url,010,3,,",,,,,,,,,,,,
"2024-04-06,disaster,mo,городской округ город Орск,^городской\ округ\ город\ Орск$,""Orsk, Orenburgskaya Oblast', Russia"",positive,https://www.usnews.com/news/world/articles/2024-04-06/russia-evacuates-more-than-700-people-from-homes-in-flood-hit-orsk,url,020,60,,",,,,,,,,,,,,
"2024-04-06,disaster,mo,городской округ город Орск,^городской\ округ\ город\ Орск$,""Orsk, Orenburgskaya Oblast', Russia"",positive,https://www.tellerreport.com/highlights/news/partial-failure-of-a-dam-in-russia--thousands-of-people-evacuated.rykFCm1eR.html,url,020,10,,",,,,,,,,,,,,
"2024-04-06,disaster,mo,городской округ город Орск,^городской\ округ\ город\ Орск$,""Orsk, Orenburgskaya Oblast', Russia"",positive,https://www.bignewsnetwork.com/news/274237446/second-levee-bursts-in-flooded-russian-city,url,060,10,,",,,,,,,,,,,,
"2024-04-06,disaster,mo,городской округ город Оренбург,^городской\ округ\ город\ Оренбург$,""Orenburg, Orenburgskaya Oblast', Russia"",positive,https://www.aljazeera.com/news/2024/4/6/russia-evacuates-4000-people-after-floods-dam-burst-near-kazakh-border,url,128,4,,",,,,,,,,,,,,
"2024-04-06,disaster,mo,городской округ город Орск,^городской\ округ\ город\ Орск$,""Orsk, Orenburgskaya Oblast', Russia"",positive,https://www.marketscreener.com/quote/currency/US-DOLLAR-RUSSIAN-ROUBLE--2370597/news/Russia-evacuates-around-2-000-people-from-homes-in-flood-hit-Orsk-46381581/,url,020,2,,",,,,,,,,,,,,
"2024-04-06,disaster,mo,городской округ город Оренбург,^городской\ округ\ город\ Оренбург$,""Orenburg, Orenburgskaya Oblast', Russia"",positive,https://www.thenews.com.pk/print/1176144-dam-bursts-amid-flooding-in-russia-s-urals-evacuation-underway,url,010,20,,",,,,,,,,,,,,
"2024-04-06,disaster,mo,городской округ город Оренбург,^городской\ округ\ город\ Оренбург$,""Orenburg, Orenburgskaya Oblast', Russia"",positive,https://metro.co.uk/2024/04/06/thousands-evacuated-russian-dam-burst-floods-entire-region-20598525/,url,042,5,,",,,,,,,,,,,,
"2024-04-06,disaster,mo,городской округ город Орск,^городской\ округ\ город\ Орск$,""Orsk, Orenburgskaya Oblast', Russia"",positive,https://www.wral.com/story/russian-dam-bursts-forcing-thousands-to-evacuate-in-flood-hit-southern-region/21366270/,url,120,45,,",,,,,,,,,,,,
"2024-04-06,disaster,mo,городской округ город Орск,^городской\ округ\ город\ Орск$,""Orsk, Orenburgskaya Oblast', Russia"",positive,https://www.aninews.in/news/world/asia/russia-evacuates-4000-people-after-dam-bursts-near-kazakh-border20240406223035/,url,160,12,,",,,,,,,,,,,,
"2024-04-06,disaster,mo,городской округ город Орск,^городской\ округ\ город\ Орск$,""Orsk, Orenburgskaya Oblast', Russia"",positive,https://www.marketscreener.com/quote/currency/US-DOLLAR-RUSSIAN-ROUBLE--2370597/news/Russia-evacuates-more-than-700-people-from-homes-in-flood-hit-Orsk-46381581/,url,128,155,,",,,,,,,,,,,,
"2024-04-06,disaster,mo,городской округ город Орск,^городской\ округ\ город\ Орск$,""Orsk, Orenburgskaya Oblast', Russia"",positive,https://www.thestar.com.my/news/world/2024/04/06/russia-evacuates-more-than-700-people-from-homes-in-flood-hit-orsk,url,160,28,,",,,,,,,,,,,,
"2024-04-06,disaster,mo,городской округ город Орск,^городской\ округ\ город\ Орск$,""Orsk, Orenburgskaya Oblast', Russia"",positive,https://www.bloomberg.com/news/articles/2024-04-06/russia-evacuates-areas-of-flood-hit-city-of-orsk-after-dam-burst,url,174,30,,",,,,,,,,,,,,
"2024-04-06,disaster,mo,городской округ город Оренбург,^городской\ округ\ город\ Оренбург$,""Orenburg, Orenburgskaya Oblast', Russia"",positive,https://www.thenews.com.pk/print/1176466-russia-evacuates-around-2-000-people-from-homes-in-flood-hit-orsk,url,160,10,,",,,,,,,,,,,,
"2024-04-07,disaster,mo,городской округ город Орск,^городской\ округ\ город\ Орск$,""Orsk, Orenburgskaya Oblast', Russia"",positive,https://www.coastreporter.net/world-news/russia-declares-federal-emergency-in-the-flood-hit-orenburg-region-as-evacuation-efforts-continue-8564539,url,043,977,,",,,,,,,,,,,,
"2024-04-07,disaster,mo,городской округ город Орск,^городской\ округ\ город\ Орск$,""Orsk, Orenburgskaya Oblast', Russia"",positive,https://www.aa.com.tr/en/world/russia-declares-federal-emergency-amid-flooding-in-orenburg-region/3185786,url,010,35,,",,,,,,,,,,,,
"2024-04-07,disaster,mo,городской округ город Орск,^городской\ округ\ город\ Орск$,""Orsk, Orenburgskaya Oblast', Russia"",positive,https://www.channelnewsasia.com/world/record-flood-waters-rise-russias-urals-forcing-thousands-evacuate-4248946,url,091,9,,",,,,,,,,,,,,
"2024-04-07,disaster,mo,городской округ город Орск,^городской\ округ\ город\ Орск$,""Orsk, Orenburgskaya Oblast', Russia"",positive,""http://www.gdnonline.com/Details/1308783/Russia-evacuates-around-2,000-people-from-homes-in-flood-hit-Orsk"",url,128,30,,",,,,,,,,,,,,
"2024-04-07,disaster,mo,городской округ город Тюмень,^городской\ округ\ город\ Тюмень$,""Tyumen, Tyumenskaya Oblast', Russia"",positive,https://www.thestar.com.my/news/world/2024/04/07/record-flood-waters-rise-in-russia039s-urals-forcing-thousands-to-evacuate,url,040,96,,",,,,,,,,,,,,
"2024-04-07,disaster,mo,городской округ город Тюмень,^городской\ округ\ город\ Тюмень$,""Tyumen, Tyumenskaya Oblast', Russia"",positive,https://www.scmp.com/news/world/russia-central-asia/article/3258149/russia-declares-flood-hit-orenburg-region-federal-emergency-other-regions-under-threat,url,073,5,,",,,,,,,,,,,,
"2024-04-07,disaster,mo,городской округ город Орск,^городской\ округ\ город\ Орск$,""Orsk, Orenburgskaya Oblast', Russia"",positive,https://www.dailymail.co.uk/news/article-13281263/Burst-Russian-dam-calamity-sparks-looting-Putin-orders-crackdown-lawlessness-4-500-people-evacuated-31ft-high-deluge-flooded-city-Orsk.html,url,145,7,,",,,,,,,,,,,,
"2024-04-07,disaster,mo,городской округ город Оренбург,^городской\ округ\ город\ Оренбург$,""Orenburg, Orenburgskaya Oblast', Russia"",positive,https://www.devdiscourse.com/article/international/2880667-putin-addresses-worsening-flood-crisis-in-orenburg-region,url,046,12,,",,,,,,,,,,,,
"2024-04-07,disaster,mo,городской округ город Орск,^городской\ округ\ город\ Орск$,""Orsk, Orenburgskaya Oblast', Russia"",positive,https://www.irishtimes.com/world/europe/2024/04/07/russia-record-flood-waters-in-ural-mountains-force-thousands-to-evacuate/,url,013,2,,",,,,,,,,,,,,
"2024-04-07,disaster,mo,городской округ город Оренбург,^городской\ округ\ город\ Оренбург$,""Orenburg, Orenburgskaya Oblast', Russia"",positive,https://www.newsx.com/world/russia-evacuates-4500-individuals-following-dam-burst-near-kazakhstan-border/,url,020,1739,,",,,,,,,,,,,,
"2024-04-07,disaster,mo,городской округ город Оренбург,^городской\ округ\ город\ Оренбург$,""Orenburg, Orenburgskaya Oblast', Russia"",positive,https://www.rferl.org/a/russia-orenburg-flooding-emergency/32894659.html,url,111,7,,",,,,,,,,,,,,
"2024-04-07,disaster,mo,городской округ город Оренбург,^городской\ округ\ город\ Оренбург$,""Orenburg, Orenburgskaya Oblast', Russia"",positive,https://timesofindia.indiatimes.com/world/rest-of-world/severe-flooding-in-russias-ural-mountains-thousands-evacuated/articleshow/109108007.cms,url,130,6,,",,,,,,,,,,,,
"2024-04-07,disaster,mo,городской округ город Орск,^городской\ округ\ город\ Орск$,""Orsk, Orenburgskaya Oblast', Russia"",positive,https://www.usnews.com/news/world/articles/2024-04-07/russia-declares-flood-hit-orenburg-region-a-federal-emergency-with-other-regions-under-threat,url,020,1,,",,,,,,,,,,,,
"2024-04-07,disaster,mo,городской округ город Оренбург,^городской\ округ\ город\ Оренбург$,""Orenburg, Orenburgskaya Oblast', Russia"",positive,https://www.sabcnews.com/sabcnews/record-flood-waters-rise-in-russias-urals/,url,020,3,,",,,,,,,,,,,,
"2024-04-07,disaster,mo,городской округ город Тюмень,^городской\ округ\ город\ Тюмень$,""Tyumen, Tyumenskaya Oblast', Russia"",positive,https://theprint.in/world/putin-addresses-worsening-flood-crisis-in-orenburg-region/2031655/,url,041,53,,",,,,,,,,,,,,
"2024-04-07,disaster,mo,городской округ город Орск,^городской\ округ\ город\ Орск$,""Orsk, Orenburgskaya Oblast', Russia"",positive,https://www.asiaone.com/world/record-flood-waters-rise-russias-urals-forcing-thousands-evacuate,url,040,7,,",,,,,,,,,,,,
"2024-04-07,disaster,mo,городской округ город Орск,^городской\ округ\ город\ Орск$,""Orsk, Orenburgskaya Oblast', Russia"",positive,https://www.firstpost.com/world/russia-water-level-in-orsk-critical-after-dam-burst-13757214.html,url,160,6,,",,,,,,,,,,,,
"2024-04-07,disaster,mo,городской округ город Оренбург,^городской\ округ\ город\ Оренбург$,""Orenburg, Orenburgskaya Oblast', Russia"",positive,https://www.bignewsnetwork.com/news/274239839/flood-waters-rising-in-russian-region-hit-by-levee-collapses,url,128,10,,",,,,,,,,,,,,
"2024-04-07,disaster,mo,городской округ город Оренбург,^городской\ округ\ город\ Оренбург$,""Orenburg, Orenburgskaya Oblast', Russia"",positive,https://www.bignewsnetwork.com/news/274237603/russia-evacuates-more-than-4400-people-after-dam-bursts,url,130,8,,",,,,,,,,,,,,
"2024-04-07,disaster,mo,городской округ город Орск,^городской\ округ\ город\ Орск$,""Orsk, Orenburgskaya Oblast', Russia"",positive,https://medicinehatnews.com/news/world-news/2024/04/07/russia-declares-floodhit-orenburg-region-a-federal-emergency-as-evacuation-efforts-continue/,url,084,16,,",,,,,,,,,,,,
"2024-04-07,disaster,mo,городской округ город Оренбург,^городской\ округ\ город\ Оренбург$,""Orenburg, Orenburgskaya Oblast', Russia"",positive,https://lethbridgeherald.com/news/world-news/2024/04/07/russia-declares-floodhit-orenburg-region-a-federal-emergency-with-other-regions-under-threat/,url,084,16,,",,,,,,,,,,,,
"2024-04-07,disaster,mo,городской округ город Орск,^городской\ округ\ город\ Орск$,""Orsk, Orenburgskaya Oblast', Russia"",positive,https://www.dailymail.co.uk/news/article-13280775/russians-evacuated-orsk-dam-burst-russia.html,url,130,10,,",,,,,,,,,,,,
"2024-04-07,disaster,mo,городской округ город Оренбург,^городской\ округ\ город\ Оренбург$,""Orenburg, Orenburgskaya Oblast', Russia"",positive,https://www.brandonsun.com/world/2024/04/07/russia-declares-federal-emergency-in-the-flood-hit-orenburg-region-as-evacuation-efforts-continue,url,012,1,,",,,,,,,,,,,,
"2024-04-07,disaster,mo,городской округ город Орск,^городской\ округ\ город\ Орск$,""Orsk, Orenburgskaya Oblast', Russia"",positive,https://www.thurrockgazette.co.uk/news/national/24236657.russia-declares-emergency-flood-hit-region-evacuation-efforts-continue/,url,042,787,,",,,,,,,,,,,,
"2024-04-07,disaster,mo,городской округ город Орск,^городской\ округ\ город\ Орск$,""Orsk, Orenburgskaya Oblast', Russia"",positive,https://www.canberratimes.com.au/story/8583235/record-flood-waters-rise-in-russias-ural-mountains/?cs=14264,url,010,72,,",,,,,,,,,,,,
"2024-04-07,disaster,mo,городской округ город Орск,^городской\ округ\ город\ Орск$,""Orsk, Orenburgskaya Oblast', Russia"",positive,https://timesofoman.com/article/144100-russia-evacuates-4000-people-after-dam-bursts-near-kazakh-border,url,160,2,,",,,,,,,,,,,,
"2024-04-07,disaster,mo,городской округ город Тюмень,^городской\ округ\ город\ Тюмень$,""Tyumen, Tyumenskaya Oblast', Russia"",positive,https://www.breakingnews.ie/world/russia-declares-emergency-in-flood-hit-region-as-evacuation-efforts-continue-1610255.html,url,010,6,,",,,,,,,,,,,,
"2024-04-07,disaster,mo,городской округ город Орск,^городской\ округ\ город\ Орск$,""Orsk, Orenburgskaya Oblast', Russia"",positive,https://www.seattletimes.com/nation-world/world/russia-declares-flood-hit-orenburg-region-a-federal-emergency-with-other-regions-under-threat/,url,130,16,,",,,,,,,,,,,,
"2024-04-07,disaster,mo,городской округ город Тюмень,^городской\ округ\ город\ Тюмень$,""Tyumen, Tyumenskaya Oblast', Russia"",positive,https://www.thetottenhamindependent.co.uk/news/national/24236657.russia-declares-emergency-flood-hit-region-evacuation-efforts-continue/,url,073,298,,",,,,,,,,,,,,
"2024-04-07,disaster,mo,городской округ город Орск,^городской\ округ\ город\ Орск$,""Orsk, Orenburgskaya Oblast', Russia"",positive,https://www.presstv.ir/Detail/2024/04/07/723223/evacuation-Russia-Orsk-flood-dam-burst-,url,160,10,,",,,,,,,,,,,,
"2024-04-07,disaster,mo,городской округ город Оренбург,^городской\ округ\ город\ Оренбург$,""Orenburg, Orenburgskaya Oblast', Russia"",positive,https://www.themoscowtimes.com/2024/04/07/russian-flood-situation-critical-in-orsk-after-burst-dam-a84762,url,130,61,,",,,,,,,,,,,,
"2024-04-07,disaster,mo,городской округ город Орск,^городской\ округ\ город\ Орск$,""Orsk, Orenburgskaya Oblast', Russia"",positive,https://jerseyeveningpost.com/morenews/worldnews/2024/04/07/russia-declares-emergency-in-flood-hit-region-as-evacuation-efforts-continue/,url,166,3,,",,,,,,,,,,,,
"2024-04-07,disaster,mo,городской округ город Оренбург,^городской\ округ\ город\ Оренбург$,""Orenburg, Orenburgskaya Oblast', Russia"",positive,https://www.bignewsnetwork.com/news/274240022/putin-addresses-worsening-flood-crisis-in-orenburg-region,url,128,19,,",,,,,,,,,,,,
"2024-04-08,disaster,mo,городской округ город Орск,^городской\ округ\ город\ Орск$,""Orsk, Orenburgskaya Oblast', Russia"",positive,https://www.devdiscourse.com/article/science-environment/2881400-record-floods-in-russias-urals-triggered-by-melting-snow,url,020,47,,",,,,,,,,,,,,
"2024-04-08,disaster,mo,городской округ город Тобольск,^городской\ округ\ город\ Тобольск$,""Tobolsk, Tyumenskaya Oblast', Russia"",positive,https://www.ndtv.com/world-news/putin-help-rare-protest-in-russia-over-worst-flooding-in-decades-5400929,url,071,10,,",,,,,,,,,,,,
"2024-04-08,disaster,mo,городской округ город Орск,^городской\ округ\ город\ Орск$,""Orsk, Orenburgskaya Oblast', Russia"",positive,https://www.thehindu.com/news/international/russians-stage-a-rare-protest-after-a-dam-bursts-and-homes-flood-near-the-kazakh-border/article68044032.ece,url,141,10,,",,,,,,,,,,,,
"2024-04-08,disaster,mo,городской округ город Оренбург,^городской\ округ\ город\ Оренбург$,""Orenburg, Orenburgskaya Oblast', Russia"",positive,https://www.nbcnews.com/news/world/record-floods-russia-urals-triggered-melting-snow-rcna146805,url,020,10,,",,,,,,,,,,,,
"2024-04-08,disaster,mo,городской округ город Орск,^городской\ округ\ город\ Орск$,""Orsk, Orenburgskaya Oblast', Russia"",positive,https://www.eastlothiancourier.com/news/national/24239870.russians-stage-rare-protest-dam-bursts-homes-flood/,url,060,640,,",,,,,,,,,,,,
"2024-04-08,disaster,mo,городской округ город Орск,^городской\ округ\ город\ Орск$,""Orsk, Orenburgskaya Oblast', Russia"",positive,https://www.dw.com/en/russia-evacuates-thousands-amid-floods-in-ural-region/a-68766439,url,012,10,,",,,,,,,,,,,,
"2024-04-08,disaster,mo,городской округ город Тюмень,^городской\ округ\ город\ Тюмень$,""Tyumen, Tyumenskaya Oblast', Russia"",positive,https://oilprice.com/Latest-Energy-News/World-News/Spring-Floods-Shut-Down-Oil-Refinery-in-Russia.html,url,130,8,,",,,,,,,,,,,,
"2024-04-08,disaster,mo,городской округ город Оренбург,^городской\ округ\ город\ Оренбург$,""Orenburg, Orenburgskaya Oblast', Russia"",positive,https://www.euronews.com/2024/04/08/parts-of-kazakhstan-and-russia-declare-state-of-emergency-after-worst-floods-in-80-years,url,073,10,,",,,,,,,,,,,,
"2024-04-08,disaster,mo,городской округ город Оренбург,^городской\ округ\ город\ Оренбург$,""Orenburg, Orenburgskaya Oblast', Russia"",positive,https://www.fairfieldsuntimes.com/news/national/cities-in-russian-urals-west-siberia-brace-for-worst-floods-in-decades/article_dd0baddf-0cdb-51dd-a545-8bbb21716324.html,url,036,72,,",,,,,,,,,,,,
"2024-04-08,disaster,mo,городской округ город Оренбург,^городской\ округ\ город\ Оренбург$,""Orenburg, Orenburgskaya Oblast', Russia"",positive,https://timesofindia.indiatimes.com/world/europe/record-floods-in-russias-urals-triggered-by-melting-snow/articleshow/109130968.cms,url,020,198,,",,,,,,,,,,,,
"2024-04-08,disaster,mo,городской округ город Оренбург,^городской\ округ\ город\ Оренбург$,""Orenburg, Orenburgskaya Oblast', Russia"",positive,https://www.bobfm.co.uk/floods-in-russia-declaring-a-federal-state-of-emergency-after-the-dam-collapse/,url,100,9,,",,,,,,,,,,,,
"2024-04-08,disaster,mo,городской округ город Орск,^городской\ округ\ город\ Орск$,""Orsk, Orenburgskaya Oblast', Russia"",positive,https://www.yahoo.com/news/floodwaters-russia-dam-burst-rise-071457964.html,url,040,12,,",,,,,,,,,,,,
"2024-04-08,disaster,mo,городской округ город Орск,^городской\ округ\ город\ Орск$,""Orsk, Orenburgskaya Oblast', Russia"",positive,https://www.dailyexcelsior.com/russia-declares-federal-emergency-in-the-flood-hit-orenburg-region-as-evacuation-efforts-continue/,url,010,273,,",,,,,,,,,,,,
"2024-04-08,disaster,mo,городской округ город Орск,^городской\ округ\ город\ Орск$,""Orsk, Orenburgskaya Oblast', Russia"",positive,https://www.princegeorgecitizen.com/world-news/russia-declares-flood-hit-orenburg-region-a-federal-emergency-with-other-regions-under-threat-8564539,url,042,7,,",,,,,,,,,,,,
"2024-04-08,disaster,mo,городской округ город Тюмень,^городской\ округ\ город\ Тюмень$,""Tyumen, Tyumenskaya Oblast', Russia"",positive,https://news.sky.com/story/russia-floods-thousands-forced-to-flee-homes-after-melting-snow-triggers-record-flooding-13110850,url,020,20,,",,,,,,,,,,,,
"2024-04-08,disaster,mo,городской округ город Орск,^городской\ округ\ город\ Орск$,""Orsk, Orenburgskaya Oblast', Russia"",positive,https://www.channelnewsasia.com/world/locals-protest-russian-regions-face-worst-flooding-decades-4251256,url,036,2,,",,,,,,,,,,,,
"2024-04-08,disaster,mo,городской округ город Орск,^городской\ округ\ город\ Орск$,""Orsk, Orenburgskaya Oblast', Russia"",positive,https://www.yahoo.com/news/russias-siberia-braces-devastating-flood-110122956.html,url,043,8,,",,,,,,,,,,,,
"2024-04-08,disaster,mo,городской округ город Орск,^городской\ округ\ город\ Орск$,""Orsk, Orenburgskaya Oblast', Russia"",positive,https://www.yahoo.com/news/russia-floods-record-water-levels-171642035.html,url,020,6,,",,,,,,,,,,,,
"2024-04-08,disaster,mo,городской округ город Орск,^городской\ округ\ город\ Орск$,""Orsk, Orenburgskaya Oblast', Russia"",positive,https://en.apa.az/cis-countries/record-floods-in-russias-urals-triggered-by-melting-snow-433319,url,080,8,,",,,,,,,,,,,,
"2024-04-08,disaster,mo,городской округ город Орск,^городской\ округ\ город\ Орск$,""Orsk, Orenburgskaya Oblast', Russia"",positive,https://www.caledonianrecord.com/news/national/russians-stage-a-rare-protest-after-a-dam-bursts-and-homes-flood-near-the-kazakh/article_de50d05c-9687-552f-8d4d-8db35970b51b.html,url,141,230,,",,,,,,,,,,,,
"2024-04-08,disaster,mo,городской округ город Оренбург,^городской\ округ\ город\ Оренбург$,""Orenburg, Orenburgskaya Oblast', Russia"",positive,https://houstonianonline.com/russians-angry-with-local-authorities-after-floods-putin-help-us/,url,130,10,,",,,,,,,,,,,,
"2024-04-09,disaster,mo,городской округ город Оренбург,^городской\ округ\ город\ Оренбург$,""Orenburg, Orenburgskaya Oblast', Russia"",positive,https://www.terradaily.com/reports/Locals_protest_as_Russian_regions_face_worst_flooding_for_decades_999.html,url,090,24,,",,,,,,,,,,,,
"2024-04-09,disaster,mo,городской округ город Тюмень,^городской\ округ\ город\ Тюмень$,""Tyumen, Tyumenskaya Oblast', Russia"",positive,https://www.rappler.com/world/europe/russia-kurgan-region-floods-april-2024/,url,020,6,,",,,,,,,,,,,,
"2024-04-09,disaster,mo,городской округ город Орск,^городской\ округ\ город\ Орск$,""Orsk, Orenburgskaya Oblast', Russia"",positive,https://www.ctvnews.ca/climate-and-environment/russia-kazakhstan-evacuate-over-100-000-people-amid-worst-flooding-in-nearly-70-years-1.6840308,url,120,159,,",,,,,,,,,,,,
"2024-04-09,disaster,mo,городской округ город Тюмень,^городской\ округ\ город\ Тюмень$,""Tyumen, Tyumenskaya Oblast', Russia"",positive,https://www.barrons.com/news/kazakhstan-and-russia-battle-huge-floods-7c87f968,url,042,130,,",,,,,,,,,,,,
"2024-04-09,disaster,mo,городской округ город Оренбург,^городской\ округ\ город\ Оренбург$,""Orenburg, Orenburgskaya Oblast', Russia"",positive,https://www.plenglish.com/news/2024/04/09/number-of-houses-affected-by-floods-in-russia-increases/,url,042,7,,",,,,,,,,,,,,
"2024-04-09,disaster,mo,городской округ город Орск,^городской\ округ\ город\ Орск$,""Orsk, Orenburgskaya Oblast', Russia"",positive,https://www.theglobeandmail.com/world/article-russia-kazakhstan-evacuate-over-100000-people-amid-worst-flooding-in/,url,174,2,,",,,,,,,,,,,,
"2024-04-09,disaster,mo,городской округ город Тюмень,^городской\ округ\ город\ Тюмень$,""Tyumen, Tyumenskaya Oblast', Russia"",positive,https://www.marketscreener.com/quote/currency/US-DOLLAR-RUSSIAN-ROUBLE--2370597/news/Thousands-of-people-at-risk-as-floods-hit-Russia-s-south-46391442/,url,036,72,,",,,,,,,,,,,,
"2024-04-09,disaster,mo,городской округ город Тюмень,^городской\ округ\ город\ Тюмень$,""Tyumen, Tyumenskaya Oblast', Russia"",positive,https://www.dawn.com/news/1826587/russians-take-to-the-streets-in-flooded-city,url,036,228,,",,,,,,,,,,,,
"2024-04-09,disaster,mo,городской округ город Тюмень,^городской\ округ\ город\ Тюмень$,""Tyumen, Tyumenskaya Oblast', Russia"",positive,https://menafn.com/1108074734/Kazakhstan-And-Russia-Battle-Huge-Floods,url,160,6,,",,,,,,,,,,,,
"2024-04-09,disaster,mo,городской округ город Орск,^городской\ округ\ город\ Орск$,""Orsk, Orenburgskaya Oblast', Russia"",positive,https://www.belfasttelegraph.co.uk/news/world-news/russians-stage-rare-protest-after-dam-bursts-and-homes-flood/a626191116.html,url,010,118,,",,,,,,,,,,,,
"2024-04-09,disaster,mo,городской округ город Орск,^городской\ округ\ город\ Орск$,""Orsk, Orenburgskaya Oblast', Russia"",positive,https://www.yahoo.com/news/kazakhstan-russia-battle-huge-floods-113613003.html,url,190,140,,",,,,,,,,,,,,
"2024-04-09,disaster,mo,городской округ город Орск,^городской\ округ\ город\ Орск$,""Orsk, Orenburgskaya Oblast', Russia"",positive,https://www.irishtimes.com/world/europe/2024/04/09/russia-and-kazakhstan-evacuate-more-than-100000-people-amid-worst-flooding-in-decades/,url,040,4,,",,,,,,,,,,,,
"2024-04-09,disaster,mo,городской округ город Орск,^городской\ округ\ город\ Орск$,""Orsk, Orenburgskaya Oblast', Russia"",positive,https://www.myleaderpaper.com/news/national/kazakhstan-and-russia-battle-huge-floods/article_037aa25c-f250-592e-be47-017122b88ce2.html,url,141,24,,",,,,,,,,,,,,
"2024-04-09,disaster,mo,городской округ город Орск,^городской\ округ\ город\ Орск$,""Orsk, Orenburgskaya Oblast', Russia"",positive,https://www.cnn.com/2024/04/09/europe/russia-urals-flooding-intl/,url,128,16,,",,,,,,,,,,,,
"2024-04-09,disaster,mo,городской округ город Тюмень,^городской\ округ\ город\ Тюмень$,""Tyumen, Tyumenskaya Oblast', Russia"",positive,https://chronicle.lu/category/international-news/49283-thousands-of-people-at-risk-as-floods-hit-russias-south,url,114,5,,",,,,,,,,,,,,
"2024-04-09,disaster,mo,городской округ город Оренбург,^городской\ округ\ город\ Оренбург$,""Orenburg, Orenburgskaya Oblast', Russia"",positive,https://www.enca.com/news/kazakhstan-and-russia-battle-huge-floods-0,url,190,8,,",,,,,,,,,,,,
"2024-04-09,disaster,mo,городской округ город Орск,^городской\ округ\ город\ Орск$,""Orsk, Orenburgskaya Oblast', Russia"",positive,https://news.yahoo.com/russia-floods-record-water-levels-171642035.html,url,141,6,,",,,,,,,,,,,,
"2024-04-09,disaster,mo,городской округ город Орск,^городской\ округ\ город\ Орск$,""Orsk, Orenburgskaya Oblast', Russia"",positive,https://www.usnews.com/news/world/articles/2024-04-09/kremlin-says-on-floods-the-most-difficult-days-are-still-ahead,url,090,1,,",,,,,,,,,,,,
"2024-04-09,disaster,mo,городской округ город Орск,^городской\ округ\ город\ Орск$,""Orsk, Orenburgskaya Oblast', Russia"",positive,https://www.rferl.org/a/floods-anger-russia-orsk-putin/32897823.html,url,020,10,,",,,,,,,,,,,,
"2024-04-09,disaster,mo,городской округ город Орск,^городской\ округ\ город\ Орск$,""Orsk, Orenburgskaya Oblast', Russia"",positive,https://azertag.az/en/xeber/mayor_of_russias_orenburg_orders_evacuations_amid_critical_flooding-2964823,url,128,8,,",,,,,,,,,,,,
"2024-04-09,disaster,mo,городской округ город Орск,^городской\ округ\ город\ Орск$,""Orsk, Orenburgskaya Oblast', Russia"",positive,https://au.news.yahoo.com/russia-floods-thousands-evacuated-burst-124930717.html,url,130,20,,",,,,,,,,,,,,
"2024-04-09,disaster,mo,городской округ город Оренбург,^городской\ округ\ город\ Оренбург$,""Orenburg, Orenburgskaya Oblast', Russia"",positive,https://92newshd.tv/about/water-levels-still-rising-as-kazakhstan-and-russia-battle-huge-floods,url,160,6,,",,,,,,,,,,,,
"2024-04-09,disaster,mo,городской округ город Тюмень,^городской\ округ\ город\ Тюмень$,""Tyumen, Tyumenskaya Oblast', Russia"",positive,https://www.natureworldnews.com/articles/61274/20240409/russia-kazakhstan-face-worst-flood-decades-due-melting-snow.htm,url,010,132,,",,,,,,,,,,,,
"2024-04-09,disaster,mo,городской округ город Орск,^городской\ округ\ город\ Орск$,""Orsk, Orenburgskaya Oblast', Russia"",positive,https://www.batemansbaypost.com.au/story/8586152/russia-kazakhstan-evacuate-over-100000-from-floods/?cs=14264,url,160,110,,",,,,,,,,,,,,
"2024-04-09,disaster,mo,городской округ город Оренбург,^городской\ округ\ город\ Оренбург$,""Orenburg, Orenburgskaya Oblast', Russia"",positive,https://www.hellenicshippingnews.com/kremlin-says-on-floods-the-most-difficult-days-are-still-ahead/,url,046,2,,",,,,,,,,,,,,
"2024-04-10,disaster,mo,городской округ город Оренбург,^городской\ округ\ город\ Оренбург$,""Orenburg, Orenburgskaya Oblast', Russia"",positive,https://www.yahoo.com/news/thousands-evacuated-kazakhstan-russia-battle-081629768.html,url,090,92,,",,,,,,,,,,,,
"2024-04-10,disaster,mo,городской округ город Орск,^городской\ округ\ город\ Орск$,""Orsk, Orenburgskaya Oblast', Russia"",positive,https://www.postcourier.com.pg/floods-swamp-scores-of-settlementsin-russia-and-kazakhstan/,url,112,2,,",,,,,,,,,,,,
"2024-04-10,disaster,mo,городской округ город Орск,^городской\ округ\ город\ Орск$,""Orsk, Orenburgskaya Oblast', Russia"",positive,https://www.news24.com/news24/world/news/tens-of-thousands-evacuated-in-kazakhstan-and-russiadue-to-flooding-20240410,url,010,3,,",,,,,,,,,,,,
"2024-04-10,disaster,mo,городской округ город Оренбург,^городской\ округ\ город\ Оренбург$,""Orenburg, Orenburgskaya Oblast', Russia"",positive,https://www.wral.com/story/floods-ravage-regions-of-russia-and-kazakhstan-but-worse-is-yet-to-come/21373013/,url,010,88,,",,,,,,,,,,,,
"2024-04-10,disaster,mo,городской округ город Оренбург,^городской\ округ\ город\ Оренбург$,""Orenburg, Orenburgskaya Oblast', Russia"",positive,https://www.devdiscourse.com/article/science-environment/2883646-floods-swamp-swathes-of-russia-and-kazakhstan-but-worse-still-to-come,url,043,30,,",,,,,,,,,,,,
"2024-04-10,disaster,mo,городской округ город Орск,^городской\ округ\ город\ Орск$,""Orsk, Orenburgskaya Oblast', Russia"",positive,https://www.nytimes.com/2024/04/10/world/europe/floods-russia-kazakhstan-evacuations.html,url,130,10,,",,,,,,,,,,,,
"2024-04-10,disaster,mo,городской округ город Оренбург,^городской\ округ\ город\ Оренбург$,""Orenburg, Orenburgskaya Oblast', Russia"",positive,https://globalnews.ca/news/10414342/russia-kazakhstan-flooding/,url,042,2,,",,,,,,,,,,,,
"2024-04-10,disaster,mo,городской округ город Оренбург,^городской\ округ\ город\ Оренбург$,""Orenburg, Orenburgskaya Oblast', Russia"",positive,https://www.japantimes.co.jp/news/2024/04/10/world/russia-kazakhstan-evacuate-flooding/,url,174,10,,",,,,,,,,,,,,
"2024-04-10,disaster,mo,городской округ город Орск,^городской\ округ\ город\ Орск$,""Orsk, Orenburgskaya Oblast', Russia"",positive,https://www.hydrocarbonprocessing.com/news/2024/04/russias-orsk-refinery-declares-force-majeure-on-fuel-supply-due-to-floods/,url,172,6,,",,,,,,,,,,,,
"2024-04-10,disaster,mo,городской округ город Оренбург,^городской\ округ\ город\ Оренбург$,""Orenburg, Orenburgskaya Oblast', Russia"",positive,https://www.channelnewsasia.com/world/floods-russia-kazakhstan-worst-still-come-4252441,url,043,5,,",,,,,,,,,,,,
"2024-04-10,disaster,mo,городской округ город Орск,^городской\ округ\ город\ Орск$,""Orsk, Orenburgskaya Oblast', Russia"",positive,https://www.citizen.co.za/news/news-world/kazakhstan-and-russia-battle-huge-floods/,url,190,25,,",,,,,,,,,,,,
"2024-04-10,disaster,mo,городской округ город Оренбург,^городской\ округ\ город\ Оренбург$,""Orenburg, Orenburgskaya Oblast', Russia"",positive,https://edition.cnn.com/2024/04/10/world/russia-kazakhstan-floods-ural-putin-intl/,url,060,12,,",,,,,,,,,,,,
"2024-04-10,disaster,mo,городской округ город Орск,^городской\ округ\ город\ Орск$,""Orsk, Orenburgskaya Oblast', Russia"",positive,https://www.icsf.net/newss/russia-kazakhstan-evacuate-over-100000-people-amid-worst-flooding-in-decades/,url,174,10,,",,,,,,,,,,,,
"2024-04-10,disaster,mo,городской округ город Оренбург,^городской\ округ\ город\ Оренбург$,""Orenburg, Orenburgskaya Oblast', Russia"",positive,https://www.terradaily.com/reports/Kazakhstan_and_Russia_battle_huge_floods_999.html,url,190,44,,",,,,,,,,,,,,
"2024-04-10,disaster,mo,городской округ город Оренбург,^городской\ округ\ город\ Оренбург$,""Orenburg, Orenburgskaya Oblast', Russia"",positive,https://www.worthynews.com/94605-110000-flee-massive-flooding-in-russia-kazakhstan,url,043,5,,",,,,,,,,,,,,
"2024-04-10,disaster,mo,городской округ город Орск,^городской\ округ\ город\ Орск$,""Orsk, Orenburgskaya Oblast', Russia"",positive,https://www.devdiscourse.com/article/law-order/2883677-more-than-97000-people-evacuated-as-floods-hit-kazakhstan,url,092,20,,",,,,,,,,,,,,
"2024-04-10,disaster,mo,городской округ город Тюмень,^городской\ округ\ город\ Тюмень$,""Tyumen, Tyumenskaya Oblast', Russia"",positive,https://www.irishtimes.com/world/europe/2024/04/10/floods-swamp-swathes-of-russia-and-kazakhstan-but-worse-forecast-to-come/,url,042,2,,",,,,,,,,,,,,
"2024-04-10,disaster,mo,городской округ город Тюмень,^городской\ округ\ город\ Тюмень$,""Tyumen, Tyumenskaya Oblast', Russia"",positive,https://www.upi.com/Top_News/World-News/2024/04/10/Kazakhstan-flood-Ural-Europe-Putin/8361712761856/,url,010,4,,",,,,,,,,,,,,
"2024-04-10,disaster,mo,городской округ город Орск,^городской\ округ\ город\ Орск$,""Orsk, Orenburgskaya Oblast', Russia"",positive,https://www.news.com.au/breaking-news/kremlin-warns-floods-may-worsen-as-kazakhstan-russia-evacuate-100000/news-story/af60616e5d23569630eac7e51a16245e,url,190,79,,",,,,,,,,,,,,
"2024-04-10,disaster,mo,городской округ город Оренбург,^городской\ округ\ город\ Оренбург$,""Orenburg, Orenburgskaya Oblast', Russia"",positive,https://timesca.com/no-central-asian-country-can-cope-with-floods-droughts-on-its-own-expert-tells-tca/,url,071,6,,",,,,,,,,,,,,
"2024-04-10,disaster,mo,городской округ город Оренбург,^городской\ округ\ город\ Оренбург$,""Orenburg, Orenburgskaya Oblast', Russia"",positive,https://www.aol.com/news/floods-swamp-scores-settlements-russia-051943400.html,url,043,35,,",,,,,,,,,,,,
"2024-04-10,disaster,mo,городской округ город Оренбург,^городской\ округ\ город\ Оренбург$,""Orenburg, Orenburgskaya Oblast', Russia"",positive,http://jordantimes.com/news/world/cities-russian-urals-west-siberia-brace-worst-floods-decades,url,036,10,,",,,,,,,,,,,,
"2024-04-10,disaster,mo,городской округ город Орск,^городской\ округ\ город\ Орск$,""Orsk, Orenburgskaya Oblast', Russia"",positive,https://ktvz.com/news/national-world/cnn-world/2024/04/10/floods-ravage-regions-of-russia-and-kazakhstan-but-worse-is-yet-to-come/,url,112,2,,",,,,,,,,,,,,
"2024-04-10,disaster,mo,городской округ город Орск,^городской\ округ\ город\ Орск$,""Orsk, Orenburgskaya Oblast', Russia"",positive,https://www.yahoo.com/news/explainer-floods-russia-kazakhstan-bad-110705728.html,url,020,16,,",,,,,,,,,,,,
"2024-04-10,disaster,mo,городской округ город Орск,^городской\ округ\ город\ Орск$,""Orsk, Orenburgskaya Oblast', Russia"",positive,https://news.sky.com/story/russia-and-kazakhstan-floods-more-than-100000-people-evacuated-in-worst-flooding-in-decades-13112128,url,130,4,,",,,,,,,,,,,,
"2024-04-11,disaster,mo,городской округ город Оренбург,^городской\ округ\ город\ Оренбург$,""Orenburg, Orenburgskaya Oblast', Russia"",positive,https://www.aol.com/floods-swamp-scores-settlements-russia-051943400.html,url,042,64,,",,,,,,,,,,,,
"2024-04-11,disaster,mo,городской округ город Тюмень,^городской\ округ\ город\ Тюмень$,""Tyumen, Tyumenskaya Oblast', Russia"",positive,https://www.euronews.com/2024/04/11/russias-emergency-chief-visits-flood-hit-region-as-kremlin-warns-of-further-flooding,url,042,20,,",,,,,,,,,,,,
"2024-04-11,disaster,mo,городской округ город Тюмень,^городской\ округ\ город\ Тюмень$,""Tyumen, Tyumenskaya Oblast', Russia"",positive,https://www.devdiscourse.com/article/science-environment/2885027-russias-tyumen-to-have-peak-of-floods-by-april-23-25-governor-says,url,036,8,,",,,,,,,,,,,,
"2024-04-11,disaster,mo,городской округ город Оренбург,^городской\ округ\ город\ Оренбург$,""Orenburg, Orenburgskaya Oblast', Russia"",positive,https://www.stabroeknews.com/2024/04/11/news/world/russia-and-kazakhstan-battle-record-floods-as-rivers-rise-further/,url,111,2,,",,,,,,,,,,,,
"2024-04-11,disaster,mo,городской округ город Оренбург,^городской\ округ\ город\ Оренбург$,""Orenburg, Orenburgskaya Oblast', Russia"",positive,https://hot96.com/2024/04/10/russians-flee-very-unusual-floods-in-boats-clutching-valuables-food-pets/,url,013,30,,",,,,,,,,,,,,
"2024-04-11,disaster,mo,городской округ город Оренбург,^городской\ округ\ город\ Оренбург$,""Orenburg, Orenburgskaya Oblast', Russia"",positive,https://www.devdiscourse.com/article/science-environment/2884857-flooding-in-russian-city-of-orenburg-to-reach-peak-today-say-local-authorities,url,190,8,,",,,,,,,,,,,,
"2024-04-11,disaster,mo,городской округ город Орск,^городской\ округ\ город\ Орск$,""Orsk, Orenburgskaya Oblast', Russia"",positive,https://www.terradaily.com/reports/Kremlin_warns_floods_may_worsen_as_Kazakhstan_Russia_evacuate_100000_999.html,url,111,15,,",,,,,,,,,,,,
"2024-04-11,disaster,mo,городской округ город Оренбург,^городской\ округ\ город\ Оренбург$,""Orenburg, Orenburgskaya Oblast', Russia"",positive,https://www.marketscreener.com/quote/currency/US-DOLLAR-RUSSIAN-ROUBLE--2370597/news/Russia-and-Kazakhstan-battle-record-floods-as-rivers-rise-further-46409734/,url,110,206,,",,,,,,,,,,,,
"2024-04-11,disaster,mo,городской округ город Орск,^городской\ округ\ город\ Орск$,""Orsk, Orenburgskaya Oblast', Russia"",positive,https://www.spacewar.com/reports/Kazakhstan_and_Russia_battle_huge_floods_999.html,url,190,10,,",,,,,,,,,,,,
"2024-04-11,disaster,mo,городской округ город Оренбург,^городской\ округ\ город\ Оренбург$,""Orenburg, Orenburgskaya Oblast', Russia"",positive,https://www.heraldmalaysia.com/news/pope-asks-for-prayers-for-those-affected-by-flooding-in-kazakhstan/75560/1,url,042,10,,",,,,,,,,,,,,
"2024-04-11,disaster,mo,городской округ город Оренбург,^городской\ округ\ город\ Оренбург$,""Orenburg, Orenburgskaya Oblast', Russia"",positive,https://sputnikglobe.com/20240411/close-to-8000-people-evacuated-from-flooded-areas-of-russias-orenburg-1117864391.html,url,010,4,,",,,,,,,,,,,,
"2024-04-11,disaster,mo,городской округ город Орск,^городской\ округ\ город\ Орск$,""Orsk, Orenburgskaya Oblast', Russia"",positive,https://www.iraqinews.com/world/kremlin-warns-floods-may-worsen-as-kazakhstan-russia-evacuate-100000/,url,190,8,,",,,,,,,,,,,,
"2024-04-11,disaster,mo,городской округ город Орск,^городской\ округ\ город\ Орск$,""Orsk, Orenburgskaya Oblast', Russia"",positive,https://www.yahoo.com/news/russia-says-flood-situation-difficult-092319509.html,url,130,54,,",,,,,,,,,,,,
"2024-04-12,disaster,mo,городской округ город Орск,^городской\ округ\ город\ Орск$,""Orsk, Orenburgskaya Oblast', Russia"",positive,https://www.ecowatch.com/rivers-flooding-russia-kazakhstan.html,url,060,2,,",,,,,,,,,,,,
"2024-04-12,disaster,mo,городской округ город Орск,^городской\ округ\ город\ Орск$,""Orsk, Orenburgskaya Oblast', Russia"",positive,https://www.terradaily.com/reports/Kazakh_town_evacuates_after_worst_flood_in_decades_999.html,url,010,13,,",,,,,,,,,,,,
"2024-04-12,disaster,mo,городской округ город Оренбург,^городской\ округ\ город\ Оренбург$,""Orenburg, Orenburgskaya Oblast', Russia"",positive,https://www.usnews.com/news/world/articles/2024-04-12/were-like-noahs-ark-says-animal-shelter-in-flooded-russian-city,url,017,8,,",,,,,,,,,,,,
"2024-04-12,disaster,mo,городской округ город Оренбург,^городской\ округ\ город\ Оренбург$,""Orenburg, Orenburgskaya Oblast', Russia"",positive,https://www.independent.co.uk/climate-change/news/russia-kazakhstan-flood-evacuation-latest-b2527751.html,url,020,10,,",,,,,,,,,,,,
"2024-04-12,disaster,mo,городской округ город Орск,^городской\ округ\ город\ Орск$,""Orsk, Orenburgskaya Oblast', Russia"",positive,https://www.bolnews.com/international/2024/04/russian-city-of-orenburg-faces-great-danger-as-flood-water-level-rises/,url,020,8,,",,,,,,,,,,,,
"2024-04-12,disaster,mo,городской округ город Орск,^городской\ округ\ город\ Орск$,""Orsk, Orenburgskaya Oblast', Russia"",positive,https://www.barrons.com/news/russia-flood-levels-rise-d6ba7a9f,url,013,66,,",,,,,,,,,,,,
"2024-04-12,disaster,mo,городской округ город Оренбург,^городской\ округ\ город\ Оренбург$,""Orenburg, Orenburgskaya Oblast', Russia"",positive,https://www.rnz.co.nz/news/world/514165/russia-kazakhstan-floods-high-water-levels-swamp-orenburg-houses,url,010,2,,",,,,,,,,,,,,
"2024-04-12,disaster,mo,городской округ город Оренбург,^городской\ округ\ город\ Оренбург$,""Orenburg, Orenburgskaya Oblast', Russia"",positive,https://www.rte.ie/news/world/2024/0412/1443180-russia-flooding/,url,010,1,,",,,,,,,,,,,,
"2024-04-12,disaster,mo,городской округ город Оренбург,^городской\ округ\ город\ Оренбург$,""Orenburg, Orenburgskaya Oblast', Russia"",positive,https://www.marketscreener.com/quote/currency/US-DOLLAR-RUSSIAN-ROUBLE--2370597/news/Russia-s-Orenburg-orders-mass-evacuation-due-to-dangerous-floods-46422277/,url,166,26,,",,,,,,,,,,,,
"2024-04-12,disaster,mo,городской округ город Орск,^городской\ округ\ город\ Орск$,""Orsk, Orenburgskaya Oblast', Russia"",positive,https://learningenglish.voanews.com/a/floods-hit-russia-and-kazakhstan-after-dam-failure-heavy-rains/7566187.html,url,112,6,,",,,,,,,,,,,,
"2024-04-12,disaster,mo,городской округ город Оренбург,^городской\ округ\ город\ Оренбург$,""Orenburg, Orenburgskaya Oblast', Russia"",positive,https://www.odt.co.nz/news/world/thousands-flee-major-floods-russia-kazakhstan,url,010,60,,",,,,,,,,,,,,
"2024-04-12,disaster,mo,городской округ город Оренбург,^городской\ округ\ город\ Оренбург$,""Orenburg, Orenburgskaya Oblast', Russia"",positive,https://www.devdiscourse.com/article/law-order/2885853-russias-orenburg-orders-mass-evacuation-due-to-dangerous-floods,url,020,16,,",,,,,,,,,,,,
"2024-04-12,disaster,mo,городской округ город Оренбург,^городской\ округ\ город\ Оренбург$,""Orenburg, Orenburgskaya Oblast', Russia"",positive,https://www.streetinsider.com/Reuters/Russian+city+calls+for+a+mass+evacuation+due+to+rising+flood+waters/23059209.html,url,020,138,,",,,,,,,,,,,,
"2024-04-12,disaster,mo,городской округ город Оренбург,^городской\ округ\ город\ Оренбург$,""Orenburg, Orenburgskaya Oblast', Russia"",positive,https://www.thecourier.co.uk/news/uk-world/4947973/mass-evacuation-ordered-in-russian-city-as-river-levels-rise/,url,020,18,,",,,,,,,,,,,,
"2024-04-12,disaster,mo,городской округ город Оренбург,^городской\ округ\ город\ Оренбург$,""Orenburg, Orenburgskaya Oblast', Russia"",positive,https://www.marketscreener.com/news/latest/We-re-like-Noah-s-ark-says-animal-shelter-in-flooded-Russian-city-46423471/,url,013,51,,",,,,,,,,,,,,
"2024-04-12,disaster,mo,городской округ город Орск,^городской\ округ\ город\ Орск$,""Orsk, Orenburgskaya Oblast', Russia"",positive,https://news.yahoo.com/russia-kazakhstan-floods-high-water-104133220.html,url,0256,32,,",,,,,,,,,,,,
"2024-04-12,disaster,mo,городской округ город Оренбург,^городской\ округ\ город\ Оренбург$,""Orenburg, Orenburgskaya Oblast', Russia"",positive,https://alkhaleejtoday.co/international/5831036/Russia-floods-High-water-levels-swamp-Orenburg-houses.html,url,0256,2,,",,,,,,,,,,,,
"2024-04-12,disaster,mo,городской округ город Оренбург,^городской\ округ\ город\ Оренбург$,""Orenburg, Orenburgskaya Oblast', Russia"",positive,https://www.themoscowtimes.com/2024/04/12/more-homes-inundated-as-russias-orenburg-braces-for-two-day-flood-peak-a84817,url,043,4,,",,,,,,,,,,,,
"2024-04-13,disaster,mo,городской округ город Оренбург,^городской\ округ\ город\ Оренбург$,""Orenburg, Orenburgskaya Oblast', Russia"",positive,https://www.theage.com.au/world/europe/faster-melting-snow-causes-major-flooding-in-russia-and-kazakhstan-20240413-p5fjkh.html,url,110,40,,",,,,,,,,,,,,
"2024-04-13,disaster,mo,городской округ город Оренбург,^городской\ округ\ город\ Оренбург$,""Orenburg, Orenburgskaya Oblast', Russia"",positive,https://jerseyeveningpost.com/morenews/worldnews/2024/04/12/mass-evacuation-ordered-in-russian-city-as-river-levels-rise/,url,020,12,,",,,,,,,,,,,,
"2024-04-13,disaster,mo,городской округ город Оренбург,^городской\ округ\ город\ Оренбург$,""Orenburg, Orenburgskaya Oblast', Russia"",positive,https://www.dw.com/en/russia-floods-water-level-reaches-new-high-in-orenburg/a-68812407,url,043,8,,",,,,,,,,,,,,
"2024-04-13,disaster,mo,городской округ город Орск,^городской\ округ\ город\ Орск$,""Orsk, Orenburgskaya Oblast', Russia"",positive,https://www.giornaledibrescia.it/italia-e-estero/in-russia-gia-14000-evacuati-per-inondazioni-a-orenburg-r5lcpxzj,url,010,6,,",,,,,,,,,,,,
"2024-04-13,disaster,mo,городской округ город Оренбург,^городской\ округ\ город\ Оренбург$,""Orenburg, Orenburgskaya Oblast', Russia"",positive,https://www.asiaone.com/world/were-noahs-ark-says-animal-shelter-flooded-russian-city,url,070,4,,",,,,,,,,,,,,
"2024-04-14,disaster,mo,городской округ город Тюмень,^городской\ округ\ город\ Тюмень$,""Tyumen, Tyumenskaya Oblast', Russia"",positive,https://www.straitstimes.com/asia/russias-kurgan-governor-calls-on-residents-to-evacuate-flooded-areas-as-waters-rise,url,012,60,,",,,,,,,,,,,,
"2024-04-14,disaster,mo,городской округ город Оренбург,^городской\ округ\ город\ Оренбург$,""Orenburg, Orenburgskaya Oblast', Russia"",positive,https://www.giornaledibrescia.it/italia-e-estero/russia-oltre-16mila-gli-evacuati-per-le-inondazioni-a-orenburg-xm51ko9b,url,166,10,,",,,,,,,,,,,,
"2024-04-14,disaster,mo,городской округ город Оренбург,^городской\ округ\ город\ Оренбург$,""Orenburg, Orenburgskaya Oblast', Russia"",positive,https://www.thedailystar.net/news/world/news/thousands-flee-flooding-southern-russia-3586971,url,128,30,,",,,,,,,,,,,,
"2024-04-14,disaster,mo,городской округ город Орск,^городской\ округ\ город\ Орск$,""Orsk, Orenburgskaya Oblast', Russia"",positive,https://www.dawn.com/news/1827326/thousands-evacuated-from-flood-hit-russian-city,url,128,10,,",,,,,,,,,,,,
"2024-04-14,disaster,mo,городской округ город Тюмень,^городской\ округ\ город\ Тюмень$,""Tyumen, Tyumenskaya Oblast', Russia"",positive,https://www.cbsnews.com/news/flooding-russia-kazahkstan-afgahnistan-deaths-evacuations-2024-climate/,url,010,13,,",,,,,,,,,,,,
"2024-04-14,disaster,mo,городской округ город Тюмень,^городской\ округ\ город\ Тюмень$,""Tyumen, Tyumenskaya Oblast', Russia"",positive,https://www.usnews.com/news/world/articles/2024-04-14/russias-kurgan-governor-calls-on-residents-to-evacuate-flooded-areas-as-waters-rise,url,012,70,,",,,,,,,,,,,,
"2024-04-15,disaster,mo,городской округ город Тюмень,^городской\ округ\ город\ Тюмень$,""Tyumen, Tyumenskaya Oblast', Russia"",positive,https://www.thenews.com.pk/print/1178459-russia-s-kurgan-governor-calls-on-residents-to-evacuate-flooded-areas,url,012,10,,",,,,,,,,,,,,
"2024-04-15,disaster,mo,городской округ город Оренбург,^городской\ округ\ город\ Оренбург$,""Orenburg, Orenburgskaya Oblast', Russia"",positive,https://www.rferl.org/a/russia-floods-kurgan-evacuations/32905629.html,url,112,8,,",,,,,,,,,,,,
"2024-04-15,disaster,mo,городской округ город Тюмень,^городской\ округ\ город\ Тюмень$,""Tyumen, Tyumenskaya Oblast', Russia"",positive,https://www.aljazeera.com/news/2024/4/15/mass-evacuations-as-floods-in-russias-kurgan-region-set-to-peak,url,010,7,,",,,,,,,,,,,,
"2024-04-16,disaster,mo,городской округ город Оренбург,^городской\ округ\ город\ Оренбург$,""Orenburg, Orenburgskaya Oblast', Russia"",positive,https://article.wn.com/view/2024/04/16/Colossal_floods_heading_for_Russian_city_a/,url,042,10,,",,,,,,,,,,,,
"2024-04-16,disaster,mo,городской округ город Орск,^городской\ округ\ город\ Орск$,""Orsk, Orenburgskaya Oblast', Russia"",positive,https://www.asianews.it/news-en/Floods-between-Russia-and-Kazakhstan-60551.html,url,020,10,,",,,,,,,,,,,,
"2024-04-16,disaster,mo,городской округ город Тюмень,^городской\ округ\ город\ Тюмень$,""Tyumen, Tyumenskaya Oblast', Russia"",positive,https://www.thehindu.com/news/international/flood-hit-russian-regions-brace-for-devastating-peak/article68070731.ece,url,010,6,,",,,,,,,,,,,,
"2024-04-16,disaster,mo,городской округ город Орск,^городской\ округ\ город\ Орск$,""Orsk, Orenburgskaya Oblast', Russia"",positive,https://www.the-star.co.ke/news/world/2024-04-16-colossal-floods-heading-for-russian-city/,url,114,30,,",,,,,,,,,,,,
"2024-04-16,disaster,mo,городской округ город Оренбург,^городской\ округ\ город\ Оренбург$,""Orenburg, Orenburgskaya Oblast', Russia"",positive,https://www.swissinfo.ch/eng/russia%2c-kazakhstan-fight-floods-as-putin-ally-says-officials-should-have-done-better/75820850,url,010,5,,",,,,,,,,,,,,
"2024-04-16,disaster,mo,городской округ город Тюмень,^городской\ округ\ город\ Тюмень$,""Tyumen, Tyumenskaya Oblast', Russia"",positive,https://www.marketscreener.com/quote/currency/US-DOLLAR-RUSSIAN-ROUBLE--2370597/news/Russia-s-agricultural-sector-largely-unscathed-by-floods-minister-says-46445960/,url,010,70,,",,,,,,,,,,,,
"2024-04-17,disaster,mo,городской округ город Оренбург,^городской\ округ\ город\ Оренбург$,""Orenburg, Orenburgskaya Oblast', Russia"",positive,https://www.odt.co.nz/news/world/tens-thousands-flee-floods-kazakhstan,url,042,5,,",,,,,,,,,,,,
"2024-04-17,disaster,mo,городской округ город Оренбург,^городской\ округ\ город\ Оренбург$,""Orenburg, Orenburgskaya Oblast', Russia"",positive,https://wtvbam.com/2024/04/17/russian-villagers-build-homemade-dam-to-keep-out-floods/,url,051,18,,",,,,,,,,,,,,
"2024-04-17,disaster,mo,городской округ город Тюмень,^городской\ округ\ город\ Тюмень$,""Tyumen, Tyumenskaya Oblast', Russia"",positive,https://timesofindia.indiatimes.com/city/chennai/anna-nagar-residents-want-flood-issues-addressed-by-ls-candidates/articleshow/109358232.cms,url,020,50,,",,,,,,,,,,,,
"2024-04-17,disaster,mo,городской округ город Орск,^городской\ округ\ город\ Орск$,""Orsk, Orenburgskaya Oblast', Russia"",positive,https://www.adventistworld.org/adra-provides-quick-response-to-flooding-in-russia/,url,020,10,,",,,,,,,,,,,,
"2024-04-18,disaster,mo,городской округ город Оренбург,^городской\ округ\ город\ Оренбург$,""Orenburg, Orenburgskaya Oblast', Russia"",positive,https://www.barrons.com/news/what-s-causing-the-record-bad-floods-in-russia-4821919f,url,120,12,,",,,,,,,,,,,,
"2024-04-18,disaster,mo,городской округ город Оренбург,^городской\ округ\ город\ Оренбург$,""Orenburg, Orenburgskaya Oblast', Russia"",positive,https://akipress.com/news:769487:Ethnic_Kyrgyz_affected_by_flooding_in_Orengburg_are_Russian_citizens_-_Foreign_Ministry/,url,092,2,,",,,,,,,,,,,,
"2024-04-18,disaster,mo,городской округ город Орск,^городской\ округ\ город\ Орск$,""Orsk, Orenburgskaya Oblast', Russia"",positive,https://www.terradaily.com/reports/Putin_calls_to_protect_flood-hit_areas_from_looting_999.html,url,013,6,,",,,,,,,,,,,,
"2024-04-18,disaster,mo,городской округ город Оренбург,^городской\ округ\ город\ Оренбург$,""Orenburg, Orenburgskaya Oblast', Russia"",positive,https://www.bignewsnetwork.com/news/274284869/russian-regions-fight-flood-as-water-levels-remain-high,url,010,35,,",,,,,,,,,,,,
"2024-04-19,disaster,mo,городской округ город Оренбург,^городской\ округ\ город\ Оренбург$,""Orenburg, Orenburgskaya Oblast', Russia"",positive,https://www.philstar.com/headlines/climate-and-environment/2024/04/19/2348905/whats-causing-record-bad-floods-russia,url,120,8,,",,,,,,,,,,,,
"2024-04-19,disaster,mo,городской округ город Тюмень,^городской\ округ\ город\ Тюмень$,""Tyumen, Tyumenskaya Oblast', Russia"",positive,https://www.marketscreener.com/news/latest/Oil-rich-regions-in-Kazakhstan-brace-for-floods-Siberian-rivers-burst-in-Russia-46477380/,url,020,60,,",,,,,,,,,,,,
"2024-04-19,disaster,mo,городской округ город Оренбург,^городской\ округ\ город\ Оренбург$,""Orenburg, Orenburgskaya Oblast', Russia"",positive,https://www.bnnbloomberg.ca/russia-and-kazakhstan-suffer-worst-flooding-in-80-years-1.2061345,url,190,10,,",,,,,,,,,,,,
"2024-04-20,disaster,mo,городской округ город Орск,^городской\ округ\ город\ Орск$,""Orsk, Orenburgskaya Oblast', Russia"",positive,https://www.usnews.com/news/world/articles/2024-04-20/russias-kurgan-orders-evacuation-in-some-districts-as-floodwaters-rise,url,010,8,,",,,,,,,,,,,,
"2024-04-22,disaster,mo,городской округ город Оренбург,^городской\ округ\ город\ Оренбург$,""Orenburg, Orenburgskaya Oblast', Russia"",positive,https://www.rferl.org/a/kazakhstan-floods-rescue-teams-russia-ishim-river-crests/32915653.html,url,174,42,,",,,,,,,,,,,,
"2024-04-22,disaster,mo,городской округ город Орск,^городской\ округ\ город\ Орск$,""Orsk, Orenburgskaya Oblast', Russia"",positive,https://oilprice.com/Latest-Energy-News/World-News/Gazprom-Shut-Down-Dozens-of-Natural-Gas-Wells-Ahead-of-Spring-Floods.html,url,090,6,,",,,,,,,,,,,,
"2024-04-24,disaster,mo,городской округ город Оренбург,^городской\ округ\ город\ Оренбург$,""Orenburg, Orenburgskaya Oblast', Russia"",positive,https://akipress.com/news:770387:Kyrgyzstan_delivers_350_tons_of_humanitarian_aid_to_flood-affected_Orenburg_region/,url,043,8,,",,,,,,,,,,,,
"2024-04-24,disaster,mo,городской округ город Оренбург,^городской\ округ\ город\ Оренбург$,""Orenburg, Orenburgskaya Oblast', Russia"",positive,https://www.themoscowtimes.com/2024/04/24/russias-epic-floods-expose-lack-of-preparedness-for-climate-crisis-a84943,url,160,7,,",,,,,,,,,,,,
"2024-04-26,disaster,mo,городской округ город Тюмень,^городской\ округ\ город\ Тюмень$,""Tyumen, Tyumenskaya Oblast', Russia"",positive,https://www.newsweek.com/putin-russia-floods-kurgan-radioactive-leak-1894480,url,060,10,,",,,,,,,,,,,,
"2024-05-04,disaster,mo,городской округ город Оренбург,^городской\ округ\ город\ Оренбург$,""Orenburg, Orenburgskaya Oblast', Russia"",positive,https://nuclear-news.net/2024/05/04/1-b1-horror-radioactive-leak-warning-as-russian-floods-barrel-towards-uranium-mine/,url,160,5,,",,,,,,,,,,,,
"2024-05-10,disaster,mo,городской округ город Липецк,^городской\ округ\ город\ Липецк$,""Lipetsk, Lipetskaya Oblast', Russia"",positive,https://eng.obozrevatel.com/section-war/news-people-are-being-evacuated-from-vovchansk-and-the-outskirts-of-the-city-in-kharkiv-region-russia-tried-to-break-through-the-defense-whats-happening-10-05-2024.html,url,111,6,,",,,,,,,,,,,,
"2024-05-24,disaster,mo,городской округ город Оренбург,^городской\ округ\ город\ Оренбург$,""Orenburg, Orenburgskaya Oblast', Russia"",positive,https://eng.belta.by/society/view/belarus-to-provide-humanitarian-aid-to-russias-regions-affected-by-flood-158532-2024/,url,070,10,,",,,,,,,,,,,,
"2024-06-14,disaster,mo,городской округ город Оренбург,^городской\ округ\ город\ Оренбург$,""Orenburg, Orenburgskaya Oblast', Russia"",positive,https://eng.belta.by/society/view/flood-hit-orenburg-oblast-of-russia-thanks-belarus-for-humanitarian-aid-159141-2024/,url,051,8,,",,,,,,,,,,,,
"2024-08-09,disaster,mo,городской округ город Липецк,^городской\ округ\ город\ Липецк$,""Lipetsk, Lipetskaya Oblast', Russia"",positive,https://www.rte.ie/news/world/2024/0809/1464160-russia-evacuation/,url,166,12,,",,,,,,,,,,,,
